1,Waelchi Group
2,Kilback and Sons
3,Heidenreich-Rau
4,Nienow-Lockman
5,"Kerluke, Smith and Barrows"
6,Gutkowski Inc
7,"Bailey, Ziemann and Little"
8,Wolff Inc
9,"Streich, Metz and Ratke"
10,"Reilly, Bins and Weber"
11,Carter-Quigley
12,Nikolaus and Sons
13,"Effertz, Lowe and Dare"
14,Bahringer LLC
15,"Conn, Hintz and Glover"
16,Cummerata Inc
17,Lubowitz-Padberg
18,"Watsica, Hagenes and Ryan"
19,"Beatty, Lubowitz and Weissnat"
20,"Marks, Kohler and Stark"
21,Jerde-Weissnat
22,Strosin Inc
23,Krajcik Inc
24,Hodkiewicz and Sons
25,Feeney-Parisian
26,"Hackett, Aufderhar and Schmidt"
27,Green Inc
28,"Schulist, Schulist and Doyle"
29,"Macejkovic, Considine and Johnson"
30,Goldner-Green
31,Bednar-Rogahn
32,Gerhold-Rowe
33,Huel-Wolf
34,Bradtke-Kohler
35,"Renner, Treutel and Wolf"
36,Hartmann-Botsford
37,Pouros LLC
38,"Bednar, Smitham and Bins"
39,"Sauer, Douglas and Cassin"
40,Swaniawski LLC
41,Langworth-Kunde
42,Connelly-Gislason
43,Wehner Inc
44,Lang Inc
45,Wiza-Corwin
46,Pfeffer Group
47,"Christiansen, Harvey and Bernhard"
48,Considine Inc
49,Bogan-Gutmann
50,Medhurst Group
51,Schulist-Weimann
52,"Terry, Cole and Donnelly"
53,White Inc
54,Skiles-Barrows
55,Becker-Weissnat
56,"Yost, Satterfield and Walker"
57,Kirlin and Sons
58,Frami Group
59,Ritchie and Sons
60,Ryan-Jast
61,Stark Inc
62,"Kuhn, Strosin and Koelpin"
63,Flatley LLC
64,"Barrows, Kovacek and Bergnaum"
65,"Pfeffer, Hand and Ziemann"
66,Kuvalis-Olson
67,"Lubowitz, Kutch and Stehr"
68,Homenick-Heller
69,Jast-Grimes
70,"Boyle, Quitzon and Franecki"
71,"Legros, Herzog and Considine"
72,Von-Daugherty
73,"Douglas, Ebert and Rohan"
74,Veum-Wilderman
75,Dare-Feeney
76,"Rowe, Brown and Fisher"
77,"Emmerich, Kuhlman and Strosin"
78,Klocko Inc
79,Mann Group
80,"Hirthe, Schmeler and Schuppe"
81,Goldner LLC
82,Brakus Inc
83,Hudson-Stark
84,"Lesch, Koelpin and Pacocha"
85,"Corkery, Ward and Lockman"
86,Morissette Group
87,Cole LLC
88,Johnson-Rau
89,McGlynn-Hilll
90,Renner-Marks
91,"Kautzer, Buckridge and Volkman"
92,Ratke-Pfannerstill
93,Hermann Group
94,Konopelski Inc
95,"Kessler, Bashirian and Block"
96,Douglas Inc
97,"Kuhic, Stark and Gerhold"
98,Ferry-Graham
99,Hudson-McKenzie
100,Corwin-Waters
101,"Friesen, Stanton and Jacobi"
102,"Jerde, Fritsch and Heller"
103,Jacobs Group
104,"Gutkowski, Hand and Kunde"
105,Pollich-Runolfsson
106,Padberg-Cruickshank
107,Buckridge-Dare
108,Lakin-Blanda
109,Heaney LLC
110,"Ebert, Pacocha and Bartoletti"
111,Ortiz-Kutch
112,Barton Group
113,"Olson, Steuber and Berge"
114,Schowalter-Rolfson
115,"Lang, Bechtelar and Smith"
116,Ernser-Vandervort
117,"Schneider, Murray and Labadie"
118,Hessel and Sons
119,"Bartell, Bergstrom and Bechtelar"
120,Parisian-Boyer
121,Bartell-Ruecker
122,Collins-Hayes
123,"Walsh, Watsica and Stokes"
124,Halvorson and Sons
125,Bartoletti-Wisoky
126,Hills and Sons
127,"Dickens, Littel and Bergstrom"
128,Hills-Zulauf
129,Kautzer LLC
130,Upton-Goldner
131,Blanda Group
132,Leannon-Hermiston
133,White Inc
134,Runte Group
135,"Lesch, Crooks and Blanda"
136,"Hodkiewicz, Schaden and Davis"
137,"McGlynn, Hammes and Buckridge"
138,"Turner, Heidenreich and Murphy"
139,Wehner-Price
140,Smitham and Sons
141,Quitzon Group
142,Metz Inc
143,Macejkovic LLC
144,Goyette-Lockman
145,Windler-D'Amore
146,Ernser-Fisher
147,Collins Inc
148,Mueller LLC
149,"Hegmann, Bailey and Baumbach"
150,"Cummerata, Marks and Halvorson"
151,Frami-Hills
152,Frami and Sons
153,"Littel, Oberbrunner and Heller"
154,Greenfelder and Sons
155,Jakubowski LLC
156,"Balistreri, Carter and Reynolds"
157,"Hermiston, Bosco and Huels"
158,Treutel-Greenfelder
159,"O'Connell, Parker and Jakubowski"
160,"Balistreri, Turner and Koepp"
161,Wisoky-Mann
162,O'Kon-Franecki
163,Haley-Pouros
164,Blanda-Satterfield
165,Watsica LLC
166,Connelly-Oberbrunner
167,Johns Inc
168,"Parisian, White and Ankunding"
169,Schinner-Wisoky
170,"Hermiston, Graham and Schumm"
171,Durgan-Renner
172,Bruen and Sons
173,Fadel-Streich
174,Kemmer and Sons
175,Ryan-Ryan
176,"King, Kling and Sporer"
177,"Leffler, Runte and Heathcote"
178,Sipes Group
179,Mayer-Haag
180,Kshlerin-Hagenes
181,Little Inc
182,"Reynolds, Kohler and Gleason"
183,Schowalter Inc
184,Haley LLC
185,Swaniawski-Koelpin
186,Schmidt Inc
187,Denesik-Kunze
188,"Lueilwitz, Spinka and Grady"
189,Altenwerth LLC
190,Wolff-Nitzsche
191,Rosenbaum and Sons
192,Cronin-Feeney
193,"Krajcik, Rutherford and Tremblay"
194,"Schuster, Johnson and Casper"
195,Feeney Group
196,"Dach, Cummings and Runolfsson"
197,Doyle Inc
198,McGlynn LLC
199,Schinner-Langworth
200,"Vandervort, Dooley and Klocko"
201,McDermott-Morissette
202,Thiel-Oberbrunner
203,Hammes and Sons
204,Vandervort-Wiegand
205,"Rippin, Lueilwitz and Ullrich"
206,Rolfson-Kshlerin
207,Haag Inc
208,O'Hara-McGlynn
209,Shanahan-Wiza
210,Turner-Weber
211,Metz Inc
212,"Okuneva, Abernathy and Stiedemann"
213,Rau Inc
214,Leannon LLC
215,Rosenbaum Inc
216,"Greenholt, Stroman and Stehr"
217,Thompson-Romaguera
218,Nienow and Sons
219,"Hermiston, Stroman and Baumbach"
220,Nader and Sons
221,Hoppe LLC
222,Cummings-Mayer
223,"Rolfson, Monahan and Dietrich"
224,Pagac-Dickens
225,Pouros Group
226,Prosacco Inc
227,Koss and Sons
228,Olson-Hessel
229,Schuster-Greenfelder
230,"O'Keefe, Little and Barrows"
231,Heller and Sons
232,Towne Group
233,Adams-Feeney
234,"Ward, Kuhn and Volkman"
235,Friesen Group
236,Hermiston-Lubowitz
237,Krajcik and Sons
238,Hintz-Eichmann
239,Skiles-Ullrich
240,Lesch-McLaughlin
241,"Morar, Sauer and Corwin"
242,"Morar, Bode and McGlynn"
243,Mitchell-Baumbach
244,Howe-Hane
245,"Hegmann, Gorczany and Hegmann"
246,"Gibson, Reynolds and Williamson"
247,"King, Lowe and Ortiz"
248,Pacocha-Howell
249,"Romaguera, Rutherford and Labadie"
250,Schuster-Kohler
251,Casper and Sons
252,Ullrich-McKenzie
253,"Cummings, Weber and Schneider"
254,Stamm Inc
255,McLaughlin-Hilpert
256,"Schneider, Volkman and Bode"
257,"West, Lindgren and MacGyver"
258,"Haley, Erdman and Kuphal"
259,Robel-Pagac
260,Schiller-Stark
261,Smitham Group
262,Denesik Inc
263,Lockman-Batz
264,Lehner LLC
265,Williamson-Heaney
266,Swaniawski-Crona
267,Hodkiewicz and Sons
268,"Beer, Treutel and Rowe"
269,"Weissnat, Gusikowski and Dach"
270,Nitzsche and Sons
271,Cruickshank Group
272,Waelchi LLC
273,Prosacco-Rogahn
274,McCullough LLC
275,Beier-Braun
276,Pacocha Group
277,"Ortiz, Spencer and Bailey"
278,Grant Group
279,"Schmitt, Mueller and Kuhlman"
280,"Price, Parisian and Jerde"
281,"Maggio, Bechtelar and Pacocha"
282,Strosin Group
283,"Heaney, Lind and Bartell"
284,Schultz LLC
285,"Sporer, Dietrich and Pouros"
286,Orn Inc
287,"Gaylord, Stehr and Kessler"
288,"Russel, Schinner and Blanda"
289,Boehm-Considine
290,Mante-Dicki
291,Funk-Blick
292,Tremblay-Steuber
293,Fahey-Bradtke
294,Kassulke Group
295,Moen Inc
296,Wintheiser Group
297,Pagac-Skiles
298,"Leffler, Gerlach and Windler"
299,Wehner and Sons
300,Dickens Inc
301,Renner and Sons
302,"Jast, Turner and Cormier"
303,McLaughlin Inc
304,"Stark, Bernier and Olson"
305,"Stanton, Gulgowski and Fritsch"
306,Wiza-Reynolds
307,Block-Hayes
308,Heidenreich-Zulauf
309,"Pfeffer, Boehm and Gutmann"
310,Hyatt-Grimes
311,"Denesik, Haag and McDermott"
312,Konopelski-Gorczany
313,Nikolaus-Harvey
314,Ankunding LLC
315,"Howell, O'Keefe and Kautzer"
316,Denesik Inc
317,"Koss, Lueilwitz and Green"
318,Metz and Sons
319,"Little, Stracke and D'Amore"
320,"Senger, O'Conner and Hahn"
321,"Crona, Stokes and Ebert"
322,Mohr Inc
323,Stark and Sons
324,"Johns, Gottlieb and Nolan"
325,"Larkin, Morissette and Collier"
326,"Nolan, Luettgen and Tromp"
327,Murphy-Hegmann
328,Cremin-Jacobi
329,Ward-Ryan
330,"Carroll, Williamson and Hintz"
331,Spencer Group
332,"Gerlach, Harber and Kassulke"
333,"Walker, Yost and Johns"
334,Dickens Group
335,Reichel Group
336,Schroeder-Kuvalis
337,"Conroy, Bashirian and Reinger"
338,Mills-Oberbrunner
339,Emard Inc
340,Pagac-Shields
341,"Hyatt, Dare and Cummings"
342,"Armstrong, Reichel and Pfeffer"
343,"McGlynn, Hegmann and Stoltenberg"
344,Mohr LLC
345,Dibbert-Lind
346,"Borer, Murphy and Tromp"
347,"Littel, Harber and Klocko"
348,Hodkiewicz-Wilkinson
349,Okuneva Group
350,Maggio-Blanda
351,Hand-Lynch
352,Wuckert and Sons
353,Wintheiser LLC
354,Stracke-Hand
355,Watsica-Armstrong
356,"Reinger, Bashirian and Ankunding"
357,Schumm Inc
358,Swift-Skiles
359,Lakin Group
360,"Gleichner, Borer and Orn"
361,"Okuneva, Predovic and Monahan"
362,Hand-Wyman
363,"Aufderhar, Medhurst and Orn"
364,Davis Group
365,Romaguera-Hills
366,Franecki and Sons
367,Pfeffer-D'Amore
368,Zemlak LLC
369,"Lowe, Mante and Bauch"
370,Hermann LLC
371,Parisian-Stanton
372,Lockman LLC
373,Kuphal-Willms
374,Metz and Sons
375,Murazik-Bailey
376,Hand-Sauer
377,"Hane, Farrell and Monahan"
378,Harber-Daniel
379,"Waters, Marvin and Christiansen"
380,Corkery-Balistreri
381,Dickens-Blick
382,"Collins, Lind and Trantow"
383,White-Erdman
384,"Abernathy, Hamill and Windler"
385,Armstrong Inc
386,Jakubowski LLC
387,Champlin-Goldner
388,Gottlieb-Heller
389,"Mohr, Hoppe and Rohan"
390,Boyer-Block
391,Schiller and Sons
392,Kling-Gutkowski
393,"Reinger, Prosacco and Larkin"
394,"Miller, Hessel and Auer"
395,"Nader, Hahn and Romaguera"
396,Quitzon Inc
397,Fadel and Sons
398,Ledner-Willms
399,Friesen Group
400,Tromp and Sons
401,Volkman LLC
402,Rowe-Mosciski
403,Hyatt-Wilderman
404,Larson LLC
405,"Brown, Kiehn and Halvorson"
406,Morissette Group
407,Russel LLC
408,Macejkovic Inc
409,Rolfson-Reynolds
410,Parisian-Hoppe
411,Kuphal-Cartwright
412,"Prosacco, Predovic and Kerluke"
413,Schultz and Sons
414,McGlynn-Jerde
415,Stokes Inc
416,"Hyatt, Lind and O'Hara"
417,"Heidenreich, Kilback and Gulgowski"
418,Oberbrunner Inc
419,Simonis Group
420,Prosacco Group
421,Schaden and Sons
422,Turcotte-Reinger
423,Ebert-Reynolds
424,"Rau, MacGyver and Kuvalis"
425,"Emmerich, Sanford and Bins"
426,Simonis and Sons
427,Gottlieb-Leannon
428,"Bailey, Gerlach and Muller"
429,Donnelly-Lindgren
430,Christiansen-Thiel
431,Murphy-Abernathy
432,Willms Inc
433,Walker and Sons
434,"Macejkovic, Koch and Predovic"
435,Batz and Sons
436,Runolfsson Group
437,Runolfsson Inc
438,"Rice, Marquardt and Vandervort"
439,"Kub, Franecki and Kohler"
440,Bernhard-Hermiston
441,Bailey-Von
442,Blanda Inc
443,Jenkins-Paucek
444,"Block, Hodkiewicz and Ortiz"
445,Rosenbaum and Sons
446,Robel-Ortiz
447,"Gerlach, Von and Denesik"
448,Daniel and Sons
449,Boehm-Frami
450,"Hauck, Mueller and Gislason"
451,Zboncak Group
452,"Lemke, Cartwright and King"
453,Carroll-Harris
454,"Schneider, Keebler and Miller"
455,Hand-Rogahn
456,"Terry, Tremblay and Littel"
457,Russel LLC
458,"Bailey, Hermiston and Rohan"
459,Boyer-Streich
460,"Wilkinson, Stehr and Gerlach"
461,Hoppe-Smitham
462,Beahan-Lesch
463,Fisher-Greenfelder
464,Kassulke and Sons
465,Dicki Inc
466,"O'Connell, Frami and Berge"
467,"King, Quigley and Hintz"
468,"Ruecker, Becker and O'Kon"
469,"Kuhlman, Braun and Bayer"
470,Schaefer-Crona
471,Nolan LLC
472,Lemke-Hoeger
473,Herman Group
474,Schoen-Feest
475,Murray-Gislason
476,Flatley Group
477,Denesik-Jakubowski
478,"Macejkovic, Rath and Treutel"
479,"Tremblay, Schmeler and Heaney"
480,Kuhn and Sons
481,Hansen Group
482,Abbott Group
483,"Powlowski, Reichel and Wilderman"
484,"Kerluke, Adams and Wunsch"
485,Bogisich-Mante
486,Bode LLC
487,D'Amore and Sons
488,Kreiger-Konopelski
489,Schinner-Smitham
490,Koepp-Friesen
491,"Hills, Rippin and Davis"
492,Kreiger-Nikolaus
493,Moen LLC
494,"Herman, Wiegand and Weimann"
495,Stark-Hills
496,Cormier-Stracke
497,Dietrich-Roob
498,Hoppe-Graham
499,Harris-Paucek
500,Abshire Inc
501,Hills-Mann
502,"Walsh, Hirthe and Kreiger"
503,Schinner LLC
504,Stark-Block
505,"Breitenberg, Graham and Hagenes"
506,Wiegand Inc
507,"Reilly, Grady and Prohaska"
508,Mosciski-Rempel
509,Upton and Sons
510,Hickle-Moore
511,Schamberger Inc
512,Leannon-Hettinger
513,Eichmann Inc
514,"Conroy, Howell and Ritchie"
515,"Schneider, Brown and Harris"
516,"Raynor, Kreiger and Wyman"
517,Ziemann LLC
518,"West, Toy and Schoen"
519,Dicki Inc
520,Stamm-Jacobson
521,Waters and Sons
522,"Hodkiewicz, Brakus and Wisoky"
523,Wolf LLC
524,"Gusikowski, Schiller and Hilpert"
525,"Muller, Schiller and Sipes"
526,Hirthe-Wisozk
527,Nienow Group
528,Bogan-Goyette
529,Rau Inc
530,McKenzie-Halvorson
531,Kunze and Sons
532,Medhurst-Sporer
533,Zieme-Bernier
534,Wyman-Rath
535,Gusikowski-Gusikowski
536,"Rolfson, Collins and Dooley"
537,Ritchie Group
538,Labadie Inc
539,"Murphy, Hamill and Johnson"
540,Considine-Mayert
541,Boyer-Kunze
542,Howe-Tremblay
543,Purdy-Beer
544,"Feil, Kohler and Paucek"
545,Crooks-Rowe
546,"Heaney, Larson and Nitzsche"
547,"Jerde, Watsica and Gleichner"
548,Borer Inc
549,Kuhlman LLC
550,Lesch-Murphy
551,Abbott-Barton
552,Sporer Inc
553,Schultz Group
554,Hoppe LLC
555,Quitzon Group
556,Schuppe-Johnston
557,Hansen-King
558,Roberts-Huel
559,"Heidenreich, Kris and Gleichner"
560,Dietrich-Windler
561,Toy and Sons
562,Gleichner-Breitenberg
563,"King, McKenzie and Zulauf"
564,"Gulgowski, Reilly and Bashirian"
565,"Kassulke, Heller and Bartoletti"
566,Rice and Sons
567,Grant LLC
568,"Purdy, Mann and Schowalter"
569,Botsford-Hahn
570,"Tremblay, Ruecker and Kihn"
571,Hahn LLC
572,Morissette Inc
573,"Kessler, Sipes and Quitzon"
574,Legros-Schuster
575,Osinski Group
576,"Mann, Moen and Hegmann"
577,"Donnelly, D'Amore and Lind"
578,Okuneva and Sons
579,Wyman-O'Conner
580,Nicolas-Russel
581,Lindgren-Flatley
582,"Walter, Wiza and Crist"
583,O'Keefe LLC
584,Wuckert Group
585,O'Reilly-Kirlin
586,Schimmel-Murazik
587,Hessel-Kautzer
588,O'Kon-Krajcik
589,Streich LLC
590,"Bahringer, Schaefer and Keeling"
591,Daugherty Group
592,Luettgen and Sons
593,Koch-Casper
594,"Champlin, Ward and Batz"
595,"Parisian, Bednar and Powlowski"
596,Koelpin-Heathcote
597,"Langosh, Deckow and Kiehn"
598,"Purdy, Koss and Torp"
599,Crona-Witting
600,Kohler-O'Kon
601,"Greenholt, Morissette and Jacobson"
602,Kemmer LLC
603,Bergstrom Group
604,"Schmeler, Streich and Hilpert"
605,Abbott-Cronin
606,Marvin LLC
607,Paucek Inc
608,Lueilwitz-Parker
609,"Christiansen, Hauck and Kunde"
610,Steuber Group
611,Kertzmann and Sons
612,"Gulgowski, Leannon and Hermiston"
613,"Hartmann, Larson and O'Hara"
614,"Gislason, Simonis and Miller"
615,Dickens-Hintz
616,Kuphal-Thiel
617,Harber-Blanda
618,"Haag, Herman and Balistreri"
619,"Krajcik, Gaylord and Reilly"
620,"Wehner, Satterfield and Lesch"
621,O'Reilly Inc
622,"Hudson, Kemmer and Paucek"
623,Dibbert LLC
624,Parker Inc
625,Hettinger-Blanda
626,Koepp-Beahan
627,Skiles-Cormier
628,Langworth-Larson
629,"Daugherty, Satterfield and Pacocha"
630,Langosh-Schiller
631,"Windler, Rogahn and Aufderhar"
632,Ziemann Group
633,Runte and Sons
634,Paucek Group
635,Hoeger-Douglas
636,"Collier, Adams and Monahan"
637,"Schamberger, Satterfield and Kling"
638,Hermiston Inc
639,"Cartwright, Bogisich and Rogahn"
640,Reichel and Sons
641,Abshire-Dooley
642,Welch and Sons
643,Heidenreich-Cummerata
644,Lang-Kerluke
645,"Bernhard, Ferry and Purdy"
646,"O'Kon, Kirlin and Kreiger"
647,Spencer LLC
648,Bogisich LLC
649,"Quigley, Connelly and Cartwright"
650,Wilkinson Inc
651,"Powlowski, McLaughlin and Gutkowski"
652,Wiegand Group
653,Green Group
654,Stracke Inc
655,"Jacobi, Little and Gutkowski"
656,"Hahn, Schumm and Kirlin"
657,Buckridge and Sons
658,Doyle Inc
659,Terry-Emmerich
660,Adams LLC
661,Sawayn-Schamberger
662,"Ernser, Murray and Stark"
663,"Reinger, Smith and Considine"
664,Rath Inc
665,"Kunze, Cremin and Kreiger"
666,Keeling-Berge
667,Walter-Corwin
668,Treutel-Sipes
669,Deckow-Sipes
670,"Boyle, Wisoky and Schmitt"
671,"Treutel, Bailey and Douglas"
672,Conroy Inc
673,Wolf LLC
674,"Swaniawski, West and Hilpert"
675,Hammes and Sons
676,Douglas-Wyman
677,Hagenes and Sons
678,"Kreiger, Leannon and Bailey"
679,Bashirian Group
680,Kuhlman-Bahringer
681,Paucek and Sons
682,"Schuster, Dickinson and Cartwright"
683,"Schultz, Champlin and Corkery"
684,Cronin-Johnston
685,"Welch, Stokes and Bernier"
686,"Yundt, Stoltenberg and Waelchi"
687,Windler LLC
688,"Barton, Mueller and Lowe"
689,Bradtke-Conroy
690,Buckridge-Terry
691,Luettgen-Roberts
692,Klein-Bergstrom
693,Cartwright Inc
694,Gutmann LLC
695,McLaughlin-Cronin
696,"Schowalter, Bednar and Jacobi"
697,"Tremblay, Gutmann and Harber"
698,Monahan-Crist
699,"Langworth, Botsford and Reilly"
700,Christiansen-Gusikowski
701,Oberbrunner LLC
702,"Crooks, Oberbrunner and Senger"
703,Beier-Runolfsson
704,"Lindgren, Deckow and Ortiz"
705,Hamill-Johnston
706,Wyman and Sons
707,Nienow-Ernser
708,"White, Durgan and Moore"
709,Herman-Kautzer
710,Legros-Altenwerth
711,Spencer Inc
712,Baumbach-Anderson
713,"Christiansen, Lockman and Mraz"
714,"Witting, Balistreri and Blick"
715,Bahringer-Leannon
716,Gulgowski LLC
717,Emard LLC
718,Bechtelar LLC
719,Rath-Ratke
720,Hoeger-Abbott
721,"Swift, Quitzon and O'Keefe"
722,Klein LLC
723,Larson Inc
724,Adams and Sons
725,Runte-Metz
726,"Koelpin, Schroeder and Bartoletti"
727,Cummerata-McGlynn
728,"Reichert, Muller and Boyer"
729,Mueller-Crona
730,Mann-Cummings
731,"McLaughlin, Auer and Lubowitz"
732,Monahan-Champlin
733,Beier Inc
734,Schmidt-Wisozk
735,"Berge, Goodwin and MacGyver"
736,Wunsch-Casper
737,"Ratke, Batz and Paucek"
738,"Orn, Krajcik and Davis"
739,Legros-Willms
740,Rohan-O'Reilly
741,Stark LLC
742,"Smitham, Armstrong and Conroy"
743,"Hilll, Rath and Kiehn"
744,Bergstrom-Bergstrom
745,Barton and Sons
746,Moore-Wunsch
747,"McDermott, Kovacek and Kulas"
748,"Casper, Corwin and Parisian"
749,Satterfield Group
750,"Herzog, Boyer and Murphy"
751,Muller-Weissnat
752,"Johnson, McClure and Orn"
753,Lueilwitz-Wiza
754,Medhurst-Hickle
755,"Corwin, Hoeger and Hartmann"
756,Rutherford Inc
757,"Schultz, O'Hara and Kuvalis"
758,"Rodriguez, Nikolaus and Bednar"
759,"Harvey, Bosco and Halvorson"
760,Corkery-Witting
761,Volkman and Sons
762,Muller LLC
763,"Homenick, Klocko and Tromp"
764,Bosco-Simonis
765,"O'Reilly, Raynor and Hoppe"
766,"Kling, Emmerich and Franecki"
767,Shields and Sons
768,"Stroman, Lynch and Smith"
769,Gerlach Group
770,Spencer-Kohler
771,Welch Group
772,Padberg LLC
773,Moen Inc
774,"Padberg, Bashirian and Schumm"
775,Wilkinson-Bashirian
776,Wintheiser-Kihn
777,"Mann, Reynolds and Luettgen"
778,MacGyver LLC
779,Haag Inc
780,Mitchell-Kertzmann
781,"Ziemann, Howell and Conroy"
782,Shanahan-Leffler
783,Watsica-Wuckert
784,Ratke Group
785,"Padberg, Boehm and Nader"
786,Smitham-Kihn
787,"Bode, Trantow and Connelly"
788,Windler Inc
789,"Flatley, Ferry and Kuhn"
790,"Zemlak, Moen and Reynolds"
791,"Ferry, Schuster and O'Keefe"
792,"Blanda, Carter and Huel"
793,"Morar, Schmidt and Swift"
794,Grant-Sipes
795,"Kemmer, Beier and Mayert"
796,"Daniel, Jerde and Reynolds"
797,Shanahan LLC
798,"Roob, Roberts and Mueller"
799,Parker-Tillman
800,Collier and Sons
801,Jakubowski-Klein
802,Willms-Prosacco
803,Kessler and Sons
804,McKenzie Inc
805,"Baumbach, Conn and Johnston"
806,"Hermiston, Beer and Bechtelar"
807,Becker-Reilly
808,"Reynolds, Funk and Fadel"
809,"Kirlin, Turcotte and Lehner"
810,Mosciski-Weimann
811,Heller-Orn
812,Ziemann Inc
813,Denesik LLC
814,Rutherford LLC
815,Morissette and Sons
816,Gaylord-Heathcote
817,Wuckert Inc
818,"Gerlach, Crona and Buckridge"
819,Goldner-Jacobs
820,Sawayn-Jacobson
821,"DuBuque, Rosenbaum and Fay"
822,Langosh LLC
823,Sauer-Hodkiewicz
824,Cronin and Sons
825,"Sauer, Oberbrunner and Bauch"
826,"Schmidt, White and Nikolaus"
827,Kemmer-Pacocha
828,Bashirian-Wilkinson
829,Littel-Miller
830,"Graham, Christiansen and White"
831,Altenwerth LLC
832,Steuber-Russel
833,"Feil, Harris and Miller"
834,Kunde-Hessel
835,Feest-Haag
836,Skiles Group
837,Pouros Inc
838,Orn-Rogahn
839,Goyette-Larkin
840,Klein Inc
841,Bahringer Group
842,Rolfson Inc
843,"Ward, Bogan and Beahan"
844,Volkman Inc
845,Veum-Schamberger
846,Wuckert Inc
847,"Kuhic, Roob and Johns"
848,"Prohaska, Pouros and Dicki"
849,Cassin Inc
850,Breitenberg-Nikolaus
851,"Collier, Hoppe and Heathcote"
852,"Langworth, Nader and Denesik"
853,West LLC
854,Stracke and Sons
855,"Boyle, Kertzmann and Murphy"
856,Altenwerth and Sons
857,Sanford-Bogan
858,Baumbach-Lesch
859,Steuber and Sons
860,Lehner and Sons
861,Russel-Kulas
862,Ratke Group
863,"Schiller, Runte and MacGyver"
864,Gottlieb-Olson
865,"Ortiz, Grady and Roob"
866,Stiedemann-Lehner
867,Hagenes-Krajcik
868,"Sporer, Swaniawski and Koepp"
869,"Stroman, Schroeder and Langworth"
870,"Hills, Hagenes and O'Keefe"
871,"Williamson, Bahringer and Hilpert"
872,Zemlak-Sporer
873,Bode-Bode
874,Ruecker-Towne
875,Tromp LLC
876,"Bernier, Trantow and Spencer"
877,Runolfsdottir and Sons
878,"Strosin, Nolan and Vandervort"
879,"Gerlach, Ernser and Wolff"
880,Stokes Inc
881,DuBuque-Russel
882,"Steuber, Ward and Trantow"
883,"Parisian, Harber and Monahan"
884,"Tromp, Beier and Fisher"
885,"Eichmann, Lesch and Medhurst"
886,"Homenick, McDermott and Stoltenberg"
887,Runolfsdottir-Kilback
888,Mayert LLC
889,Mosciski and Sons
890,Brekke Inc
891,Olson LLC
892,"Beatty, Zboncak and Wisozk"
893,Johnston-Barrows
894,Fisher Inc
895,Thiel-Sawayn
896,Stark LLC
897,Hansen Inc
898,"Dietrich, Langosh and Stark"
899,"Towne, Hermiston and Will"
900,Hettinger-Thompson
901,"Gottlieb, Halvorson and Beier"
902,O'Keefe-Daniel
903,Terry and Sons
904,Muller-Bayer
905,Bogisich Inc
906,Brown Inc
907,"Bernier, Bashirian and Nicolas"
908,Tillman Inc
909,Keebler and Sons
910,Jast-Marks
911,Oberbrunner-Becker
912,"Hand, Barton and Anderson"
913,"Christiansen, Mitchell and Brekke"
914,Pollich-Glover
915,Parker Group
916,Denesik and Sons
917,"Powlowski, Fahey and Lockman"
918,Ebert and Sons
919,"Pagac, Donnelly and Larson"
920,Effertz and Sons
921,Conn-Schoen
922,"Torp, Lubowitz and Leffler"
923,"Nitzsche, Botsford and Runolfsdottir"
924,McLaughlin-Will
925,Zemlak-Braun
926,Lemke-Leffler
927,"Harvey, Haag and VonRueden"
928,Bruen-Orn
929,Runolfsson LLC
930,Lueilwitz and Sons
931,Gerhold-Fahey
932,Deckow-Cremin
933,O'Keefe and Sons
934,Legros Inc
935,"Stehr, Considine and Schmeler"
936,Blanda-Kutch
937,Heathcote-Frami
938,Wilderman-Koss
939,Hilll-Gusikowski
940,"Walter, Fay and Haag"
941,Tremblay-Gottlieb
942,"Berge, Harvey and Wintheiser"
943,"Okuneva, Kemmer and Strosin"
944,Cummerata LLC
945,McClure-Bailey
946,Larkin-Rosenbaum
947,Hoppe LLC
948,Howell and Sons
949,Auer-Schneider
950,Brown-Crist
951,Fay Inc
952,"Wilkinson, Rowe and Feest"
953,Cole and Sons
954,"Reichel, Wyman and Sanford"
955,Casper-Bernier
956,Trantow and Sons
957,Rice-Dietrich
958,Mayer-VonRueden
959,Hermiston-Wolf
960,"Hickle, Moore and Padberg"
961,West LLC
962,McGlynn and Sons
963,"Carter, Kling and Pfannerstill"
964,Glover-Carter
965,Jacobs-Hoppe
966,Hammes-Bode
967,"Witting, Swaniawski and Prohaska"
968,Brekke LLC
969,"Schaefer, Hettinger and Greenfelder"
970,Greenfelder-Hilll
971,Conroy-Smitham
972,Dibbert Group
973,Runolfsson Inc
974,"Runolfsson, Larson and Hermiston"
975,"Daniel, Turcotte and Torp"
976,Monahan-Herman
977,Brekke-Jaskolski
978,"Oberbrunner, Leannon and Hickle"
979,Blanda-Kautzer
980,"Rosenbaum, Kilback and Lueilwitz"
981,"McKenzie, Batz and Ziemann"
982,Grimes Group
983,"Yost, Purdy and Bechtelar"
984,Huels-Weimann
985,Stroman-Howe
986,"Roberts, West and Graham"
987,Friesen Group
988,Doyle-Howell
989,Toy and Sons
990,Jenkins-Emmerich
991,Herzog-Buckridge
992,"Dicki, Goyette and Becker"
993,"O'Hara, Grady and Jones"
994,Bailey-Ryan
995,Von Group
996,Lang-Fadel
997,Harris LLC
998,"Nolan, Bechtelar and Koss"
999,"Beier, Graham and Morar"
1000,McGlynn-McClure
